,Game of Throws,Team Kareem Pie ðŸ¥§,Hawaii McLovins VIII,To infinity and Bijan,The  Left Tacklers ,Hamilton Administration ,Jared's Pack Attack,Amon a Mission,How I Metcalf Your Mother,First and Ted
Game of Throws,,Team Kareem Pie ðŸ¥§,,,Game of Throws,,Game of Throws,Amon a Mission,Game of Throws,Game of Throws
Team Kareem Pie ðŸ¥§,Team Kareem Pie ðŸ¥§,,,To infinity and Bijan,The  Left Tacklers ,,,Team Kareem Pie ðŸ¥§,How I Metcalf Your Mother,First and Ted
Hawaii McLovins VIII,,,,To infinity and Bijan,Hawaii McLovins VIII,Hawaii McLovins VIII,Jared's Pack Attack,Amon a Mission,How I Metcalf Your Mother,Hawaii McLovins VIII
To infinity and Bijan,,To infinity and Bijan,To infinity and Bijan,,To infinity and Bijan,,To infinity and Bijan,,How I Metcalf Your Mother,
The  Left Tacklers ,Game of Throws,The  Left Tacklers ,Hawaii McLovins VIII,To infinity and Bijan,,The  Left Tacklers ,,,How I Metcalf Your Mother,The  Left Tacklers 
Hamilton Administration ,,,Hawaii McLovins VIII,,The  Left Tacklers ,,Jared's Pack Attack,Hamilton Administration ,Hamilton Administration ,
Jared's Pack Attack,Game of Throws,,Jared's Pack Attack,To infinity and Bijan,,Jared's Pack Attack,,,How I Metcalf Your Mother,First and Ted
Amon a Mission,Amon a Mission,Team Kareem Pie ðŸ¥§,Amon a Mission,,,Hamilton Administration ,,,Amon a Mission,First and Ted
How I Metcalf Your Mother,Game of Throws,How I Metcalf Your Mother,How I Metcalf Your Mother,How I Metcalf Your Mother,How I Metcalf Your Mother,Hamilton Administration ,How I Metcalf Your Mother,Amon a Mission,,First and Ted
First and Ted,Game of Throws,First and Ted,Hawaii McLovins VIII,,The  Left Tacklers ,,First and Ted,First and Ted,First and Ted,
